fil,kalla,omgang,url,bytes,sha256,hamtad
gr/2022/Regiongemensam_elevenka_t_a_rskurs_2_2022.pdf,gr,2022,https://goteborgsregionen.se/download/18.2899fac318093d2b7281377b/1653473907562/Regiongemensam%20elevenka%CC%88t%20a%CC%8Arskurs%202%202022.pdf,594985,99c71786c8981ccfdcb78c121ff3b25b2d4f8c53fc113b1970486919a9a9e16b,2026-10-01
gr/2022/Regiongemensam_elevenka_t_a_rskurs_5_2022.pdf,gr,2022,https://goteborgsregionen.se/download/18.2899fac318093d2b7281377c/1653473907600/Regiongemensam%20elevenka%CC%88t%20a%CC%8Arskurs%205%202022.pdf,751149,9c6ff16595e7c317f216b519eb8da0fc7e3ceddbc185ae915306b6161748269f,2026-10-01
gr/2022/Regiongemensam_elevenka_t_a_rskurs_8_2022.pdf,gr,2022,https://goteborgsregionen.se/download/18.2899fac318093d2b7281377d/1653473907646/Regiongemensam%20elevenka%CC%88t%20a%CC%8Arskurs%208%202022.pdf,752548,ccd78eff7a346f207eca1f4f123af30d2bca5598b4ce824f375916a1578522d9,2026-10-01
gr/2022/Regiongemensam_elevenka_t_grundsa_rskola_2022.pdf,gr,2022,https://goteborgsregionen.se/download/18.2899fac318093d2b72813778/1653473907448/Regiongemensam%20elevenka%CC%88t%20grundsa%CC%88rskola%202022.pdf,380804,4a1032a4b9a97ba320648167a5d781d502ab1f676055ed5e9001d5e2fafc3eb1,2026-10-01
gr/2022/Regiongemensam_elevenka_t_gymnasiesa_rskola_2022.pdf,gr,2022,https://goteborgsregionen.se/download/18.2899fac318093d2b7281377a/1653473907527/Regiongemensam%20elevenka%CC%88t%20gymnasiesa%CC%88rskola%202022.pdf,464421,e08c0e14863a531e13606cd6d060819424c926733707ce876b247dab20c11cc6,2026-10-01
gr/2022/Regiongemensam_elevenka_t_gymnasieskolan_a_r_2_2022.pdf,gr,2022,https://goteborgsregionen.se/download/18.2899fac318093d2b72813779/1653473907480/Regiongemensam%20elevenka%CC%88t%20gymnasieskolan%20a%CC%8Ar%202%202022.pdf,752702,3be7364c022d64040d247488d67e4bc99357df6230aa016c8acdf84628ebfd0f,2026-10-01
gr/2023/Regiongemensam_elevenk_t_grunds_rskolan_2023.pdf,gr,2023,https://goteborgsregionen.se/download/18.3bc843dd18851928cf71538f/1685968672458/Regiongemensam%20elevenk%C3%A4t%20grunds%C3%A4rskolan%202023.pdf,371947,893e9b6a11a030a41354ce9fa93ad94c81008b38c7d9b5062e09984c2419b197,2026-10-01
gr/2023/Regiongemensam_elevenk_t_gymnasies_rskolan_2023.pdf,gr,2023,https://goteborgsregionen.se/download/18.3bc843dd18851928cf715391/1685968672556/Regiongemensam%20elevenk%C3%A4t%20gymnasies%C3%A4rskolan%202023.pdf,455248,3282676f8582ac4a8a6f53ce7f6b3506ce93b2412550e2c20610a3a12f65cf0c,2026-10-01
gr/2023/Regiongemensam_elevenk_t_gymnasieskolan_r_2_2023.pdf,gr,2023,https://goteborgsregionen.se/download/18.3bc843dd18851928cf715390/1685968672496/Regiongemensam%20elevenk%C3%A4t%20gymnasieskolan%20%C3%A5r%202%202023.pdf,738880,46218d743c312f2054f4be7d4b826d6d4f8a0a9848f0e0df26098332af1e7efb,2026-10-01
gr/2023/Regiongemensam_elevenk_t_rskurs_2_2023.pdf,gr,2023,https://goteborgsregionen.se/download/18.3bc843dd18851928cf715392/1685968672593/Regiongemensam%20elevenk%C3%A4t%20%C3%A5rskurs%202%202023.pdf,530330,b1672d592f428fe91c99aaca0f00128f5db18de2df309a93080ad95b9fa47ea6,2026-10-01
gr/2023/Regiongemensam_elevenk_t_rskurs_5_2023.pdf,gr,2023,https://goteborgsregionen.se/download/18.3bc843dd18851928cf715394/1685968672682/Regiongemensam%20elevenk%C3%A4t%20%C3%A5rskurs%205%202023.pdf,713951,220f1add90c384a9bb088e5183d1eec8b00440cf476e21afdb12916232194699,2026-10-01
gr/2023/Regiongemensam_elevenk_t_rskurs_8_2023.pdf,gr,2023,https://goteborgsregionen.se/download/18.3bc843dd18851928cf715393/1685968672634/Regiongemensam%20elevenk%C3%A4t%20%C3%A5rskurs%208%202023.pdf,730781,3477814325ec158d17970de329c14180ef95c01bbef4c4a7d18c063118f350ba,2026-10-01
gr/2024/Regiongemensam_elevenka_t_-_Anpassad_grundskola_2024.pdf,gr,2024,"https://goteborgsregionen.se/download/18.348949ac18f37979bc419e70/1715693316519/Regiongemensam%20elevenka%CC%88t%20-%20Anpassad%20grundskola,%202024.pdf",333400,ed541800c10ab29b24ef09b7f66936d173364f64f8ec82b7936d5193d8d7dfff,2026-10-01
gr/2024/Regiongemensam_elevenka_t_-_Anpassad_gymnasieskola_2024.pdf,gr,2024,"https://goteborgsregionen.se/download/18.348949ac18f37979bc419e71/1715693316551/Regiongemensam%20elevenka%CC%88t%20-%20Anpassad%20gymnasieskola,%202024.pdf",415134,769979ba6f3ad4e8f9dd784b69f91e98d5dca6bc796197bd616615e3a3217c18,2026-10-01
gr/2024/Regiongemensam_elevenka_t_-_Grundskola_a_k_2_2024.pdf,gr,2024,"https://goteborgsregionen.se/download/18.348949ac18f37979bc419e72/1715693316605/Regiongemensam%20elevenka%CC%88t%20-%20Grundskola%20a%CC%8Ak%202,%202024.pdf",412945,f6851348938b43ee4f5ba6ca08863263c2a212d9a28672b3ef1af7d365751862,2026-10-01
gr/2024/Regiongemensam_elevenka_t_-_Grundskola_a_k_5_2024.pdf,gr,2024,"https://goteborgsregionen.se/download/18.348949ac18f37979bc419e73/1715693316639/Regiongemensam%20elevenka%CC%88t%20-%20Grundskola%20a%CC%8Ak%205,%202024.pdf",535424,b0c4e99a585db643dd999fee2f9e0aee8cc4a351a46c1ac7620e573cad8f90d2,2026-10-01
gr/2024/Regiongemensam_elevenka_t_-_Grundskola_a_k_8_2024.pdf,gr,2024,"https://goteborgsregionen.se/download/18.348949ac18f37979bc419e74/1715693316679/Regiongemensam%20elevenka%CC%88t%20-%20Grundskola%20a%CC%8Ak%208,%202024.pdf",542610,7de2c1b2107e71a1fe3ceac941e9ab7af07abdf54dcba8eab61f26cce6ba5ce3,2026-10-01
gr/2024/Regiongemensam_elevenka_t_-_Gymnasieskola_a_r_2_2024.pdf,gr,2024,"https://goteborgsregionen.se/download/18.348949ac18f37979bc419e6f/1715693316466/Regiongemensam%20elevenka%CC%88t%20-%20Gymnasieskola%20a%CC%8Ar%202,%202024.pdf",535003,22e784fc90d92e51850d13dd68ad5a9e656cbf0c3f1a5ab19d2df97910b18088,2026-10-01
gr/2025/Regiongemensam_elevenka_t_-_Anpassad_grundskola_mnen_1-6_2025.pdf,gr,2025,"https://goteborgsregionen.se/download/18.5e567a69196afc8a6c910864/1747310214100/Regiongemensam%20elevenka%CC%88t%20-%20Anpassad%20grundskola%20%C3%84mnen%201-6,%202025.pdf",408462,cd2e9e908e71f9baaf07006f7dca0985de239898e5bd865905615c471523b1b5,2026-10-01
gr/2025/Regiongemensam_elevenka_t_-_Anpassad_grundskola_mnen_7-9_2025.pdf,gr,2025,"https://goteborgsregionen.se/download/18.5e567a69196afc8a6c910865/1747310214167/Regiongemensam%20elevenka%CC%88t%20-%20Anpassad%20grundskola%20%C3%84mnen%207-9,%202025.pdf",481163,46e74999ca9ec7ccd71155dd07231330d72d381451780bd836783af0811a440f,2026-10-01
gr/2025/Regiongemensam_elevenka_t_-_Anpassad_grundskola_mnesomr_den_1-9_2025.pdf,gr,2025,"https://goteborgsregionen.se/download/18.5e567a69196afc8a6c910866/1747310214204/Regiongemensam%20elevenka%CC%88t%20-%20Anpassad%20grundskola%20%C3%84mnesomr%C3%A5den%201-9,%202025.pdf",318318,9b8ea977195df9e2362f0c5b181013fd7a56cadee1ea341fee62a868c5207c62,2026-10-01
gr/2025/Regiongemensam_elevenka_t_-_Anpassad_gymnasieskola_Individuella_program_2025.pdf,gr,2025,"https://goteborgsregionen.se/download/18.5e567a69196afc8a6c910862/1747310214025/Regiongemensam%20elevenka%CC%88t%20-%20Anpassad%20gymnasieskola%20Individuella%20program,%202025.pdf",319221,5d9a1a12f93cbae411acb8e0233c0382f1a4684c11f907f587d99d398a50f12f,2026-10-01
gr/2025/Regiongemensam_elevenka_t_-_Anpassad_gymnasieskola_Nationella_program_2025.pdf,gr,2025,"https://goteborgsregionen.se/download/18.5e567a69196afc8a6c910863/1747310214057/Regiongemensam%20elevenka%CC%88t%20-%20Anpassad%20gymnasieskola%20Nationella%20program,%202025.pdf",481073,7cf4df729a074d542c6ed597478f87fd04c239ec2610d162e9c11110f70ea0d5,2026-10-01
gr/2025/Regiongemensam_elevenka_t_-_Grundskola_a_k_2_2025.pdf,gr,2025,"https://goteborgsregionen.se/download/18.5e567a69196afc8a6c91085f/1747310213890/Regiongemensam%20elevenka%CC%88t%20-%20Grundskola%20a%CC%8Ak%202,%202025.pdf",418084,10b37f899bed2a95bbe74ba0e87ea071c281b9e79810e815e215654bf34cfb40,2026-10-01
gr/2025/Regiongemensam_elevenka_t_-_Grundskola_a_k_5_2025.pdf,gr,2025,"https://goteborgsregionen.se/download/18.5e567a69196afc8a6c910860/1747310213929/Regiongemensam%20elevenka%CC%88t%20-%20Grundskola%20a%CC%8Ak%205,%202025.pdf",548407,93238a17c57132e541f19a0eeab20f4ec2dfb09a806bc08c3cd0696f73600905,2026-10-01
gr/2025/Regiongemensam_elevenka_t_-_Grundskola_a_k_8_2025.pdf,gr,2025,"https://goteborgsregionen.se/download/18.5e567a69196afc8a6c910861/1747310213977/Regiongemensam%20elevenka%CC%88t%20-%20Grundskola%20a%CC%8Ak%208,%202025.pdf",510319,3baa122190ed8d01902909059fbd7d3c698224ed2f9ec36f309113231187f745,2026-10-01
gr/2025/Regiongemensam_elevenka_t_-_Gymnasieskola_a_r_2_2025.pdf,gr,2025,"https://goteborgsregionen.se/download/18.5e567a69196afc8a6c91085e/1747310213831/Regiongemensam%20elevenka%CC%88t%20-%20Gymnasieskola%20a%CC%8Ar%202,%202025.pdf",558719,f11c664dd2ec676d38279589f8acd851a26030dcb8f63cfed0817d92986c0aeb,2026-10-01
gr/2026/Regiongemensam_elevenka_t_-_Anpassad_grundskola_mnen_1-6_2026.pdf,gr,2026,"https://goteborgsregionen.se/download/18.2699246819ddc9534444f41/1777984436905/Regiongemensam%20elevenka%CC%88t%20-%20Anpassad%20grundskola%20%C3%84mnen%201-6,%202026.pdf",415559,c8f8d4add74c6636515131ad5dd845c0779574381b88b850f76c76a7fa90d603,2026-10-01
gr/2026/Regiongemensam_elevenka_t_-_Anpassad_grundskola_mnen_7-9_2026.pdf,gr,2026,"https://goteborgsregionen.se/download/18.2699246819ddc9534444f42/1777984436951/Regiongemensam%20elevenka%CC%88t%20-%20Anpassad%20grundskola%20%C3%84mnen%207-9,%202026.pdf",469331,a6d1b01ff6435dfa14ec9165fac898f9e407cb4cd9f4a2ec01cad453f3ee60f5,2026-10-01
gr/2026/Regiongemensam_elevenka_t_-_Anpassad_grundskola_mnesomr_den_1-9_2026.pdf,gr,2026,"https://goteborgsregionen.se/download/18.2699246819ddc9534444f43/1777984436992/Regiongemensam%20elevenka%CC%88t%20-%20Anpassad%20grundskola%20%C3%84mnesomr%C3%A5den%201-9,%202026.pdf",322210,7279fedaa3a645bb678a01657a561e1e88c3cd73242bead0f7ca234f2cd16d00,2026-10-01
gr/2026/Regiongemensam_elevenka_t_-_Anpassad_gymnasieskola_Individuella_program_2026.pdf,gr,2026,"https://goteborgsregionen.se/download/18.2699246819ddc9534444f44/1777984437031/Regiongemensam%20elevenka%CC%88t%20-%20Anpassad%20gymnasieskola%20Individuella%20program,%202026.pdf",321183,cae322f0831f030c02015547eeca55c60c7045060140b795cd4dd8dd2e3441be,2026-10-01
gr/2026/Regiongemensam_elevenka_t_-_Anpassad_gymnasieskola_Nationella_program_2026.pdf,gr,2026,"https://goteborgsregionen.se/download/18.2699246819ddc9534444f45/1777984437067/Regiongemensam%20elevenka%CC%88t%20-%20Anpassad%20gymnasieskola%20Nationella%20program,%202026.pdf",472378,0542d8b1e3c50b6964859be52d175e91bfd734c3eaf93c3793e0e2e899506c00,2026-10-01
gr/2026/Regiongemensam_elevenka_t_-_Grundskola_a_k_2_2026.pdf,gr,2026,"https://goteborgsregionen.se/download/18.2699246819ddc9534444f46/1777984437109/Regiongemensam%20elevenka%CC%88t%20-%20Grundskola%20a%CC%8Ak%202,%202026.pdf",499557,075187eb43f9ae5507f1b3298fefe34e1f9b494760e846399bb736bcfb27f6f1,2026-10-01
gr/2026/Regiongemensam_elevenka_t_-_Grundskola_a_k_5_2026.pdf,gr,2026,"https://goteborgsregionen.se/download/18.2699246819ddc9534444f47/1777984437151/Regiongemensam%20elevenka%CC%88t%20-%20Grundskola%20a%CC%8Ak%205,%202026.pdf",626640,ae00f019a8210628bd60b08308b8d46b42927744e05bdeb4c19e7f8e578d3eed,2026-10-01
gr/2026/Regiongemensam_elevenka_t_-_Grundskola_a_k_8_2026.pdf,gr,2026,"https://goteborgsregionen.se/download/18.2699246819ddc9534444f48/1777984437199/Regiongemensam%20elevenka%CC%88t%20-%20Grundskola%20a%CC%8Ak%208,%202026.pdf",576759,5c456ed9dba86f7b02c4002ed626e8d68b632e0aa308c2c6144c4408cf5fe43c,2026-10-01
gr/2026/Regiongemensam_elevenka_t_-_Gymnasieskola_a_r_2_2026.pdf,gr,2026,"https://goteborgsregionen.se/download/18.2699246819ddc9534444f49/1777984437243/Regiongemensam%20elevenka%CC%88t%20-%20Gymnasieskola%20a%CC%8Ar%202,%202026.pdf",608744,57af0cd640b9050e9507e49ce645217c3a1655b3ddcc08f4fe192e9877ca394a,2026-10-01
skolenkaten/2021/elever-grundskola-ak-5-2021.xlsx,skolenkaten,2021,https://www.skolinspektionen.se/globalassets/02-beslut-rapporter-stat/statistik/statistik-skolenkaten/2021/elever-grundskola-ak-5-2021.xlsx,4268651,a19c42b42c9c1e09239c7f7cdfaf4ecb096d3d3129f5507c373ce819532a21d2,2026-10-01
skolenkaten/2021/elever-grundskola-ak-9-2021.xlsx,skolenkaten,2021,https://www.skolinspektionen.se/globalassets/02-beslut-rapporter-stat/statistik/statistik-skolenkaten/2021/elever-grundskola-ak-9-2021.xlsx,4226084,88dcab1cb7ab26d0e8dcbe72f96c1c089c99fef7309e636ec95c6ddbd8f26550,2026-10-01
skolenkaten/2021/elever-gymnasieskola-ar-2-2021.xlsx,skolenkaten,2021,https://www.skolinspektionen.se/globalassets/02-beslut-rapporter-stat/statistik/statistik-skolenkaten/2021/elever-gymnasieskola-ar-2-2021.xlsx,2984931,8663f3cf3bbe2e6c00d8cad869c03d8db6fae1656e1ddf8f9f8563afd9577566,2026-10-01
skolenkaten/2021/pedagogisk-personal-grundskola-2021.xlsx,skolenkaten,2021,https://www.skolinspektionen.se/globalassets/02-beslut-rapporter-stat/statistik/statistik-skolenkaten/2021/pedagogisk-personal-grundskola-2021.xlsx,10930468,89ae6bc62cd97ea89e447f9e66e1ae488a7da8f213b55f82c369dc67c3db5b4d,2026-10-01
skolenkaten/2021/pedagogisk-personal-gymnasieskola-2021.xlsx,skolenkaten,2021,https://www.skolinspektionen.se/globalassets/02-beslut-rapporter-stat/statistik/statistik-skolenkaten/2021/pedagogisk-personal-gymnasieskola-2021.xlsx,3367382,09a8545a7c6445000c05cc91caad69c5542079a761466d1aa6913a22267dad8a,2026-10-01
skolenkaten/2021/vardnadshavare-forskoleklass-2021.xlsx,skolenkaten,2021,https://www.skolinspektionen.se/globalassets/02-beslut-rapporter-stat/statistik/statistik-skolenkaten/2021/vardnadshavare-forskoleklass-2021.xlsx,2985064,7b281abd65f0882d052b6a85521ef55340225850144d6a7176aedead5eba9c39,2026-10-01
skolenkaten/2021/vardnadshavare-grundsarskola-2021.xlsx,skolenkaten,2021,https://www.skolinspektionen.se/globalassets/02-beslut-rapporter-stat/statistik/statistik-skolenkaten/2021/vardnadshavare-grundsarskola-2021.xlsx,1123729,2d0553a0ad5685984b33c62a077a039fbb67d36b047c7703074a8c5cd9ccaf5f,2026-10-01
skolenkaten/2021/vardnadshavare-grundskola-2021.xlsx,skolenkaten,2021,https://www.skolinspektionen.se/globalassets/02-beslut-rapporter-stat/statistik/statistik-skolenkaten/2021/vardnadshavare-grundskola-2021.xlsx,7317712,fcf4cac893b37c7330a4b4fc274e8a72e671c3b53f1193cf847a002307cb294c,2026-10-01
skolenkaten/2022/excelrapport-elever-grundskola-ak-5-2022.xlsx,skolenkaten,2022,https://www.skolinspektionen.se/globalassets/02-beslut-rapporter-stat/statistik/statistik-skolenkaten/2022/excelrapport-elever-grundskola-ak-5-2022.xlsx,5262743,5a4949c3379a75345b1f4e90468e269c14c436d6a6ff9a3ef6843226d4aa4d5f,2026-10-01
skolenkaten/2022/excelrapport-elever-grundskola-ak-8-2022.xlsx,skolenkaten,2022,https://www.skolinspektionen.se/globalassets/02-beslut-rapporter-stat/statistik/statistik-skolenkaten/2022/excelrapport-elever-grundskola-ak-8-2022.xlsx,3198239,5c4e263ab8b8ffc841959b0d2eae88675628ee0b461121ac39833f0c0d224da0,2026-10-01
skolenkaten/2022/excelrapport-elever-gymnasieskola-ar-2-2022.xlsx,skolenkaten,2022,https://www.skolinspektionen.se/globalassets/02-beslut-rapporter-stat/statistik/statistik-skolenkaten/2022/excelrapport-elever-gymnasieskola-ar-2-2022.xlsx,2479067,ce118e7cc92b4634863ca5fc89d3c4ab83cb4faed7c39bc3e236db76796b575a,2026-10-01
skolenkaten/2022/excelrapport-pedagogisk-personal-grundskola-ak-1-9-2022.xlsx,skolenkaten,2022,https://www.skolinspektionen.se/globalassets/02-beslut-rapporter-stat/statistik/statistik-skolenkaten/2022/excelrapport-pedagogisk-personal-grundskola-ak-1-9-2022.xlsx,5628220,7200eafb6b5010536b7e9ba01398338a70d7806a847d699152db8c1482aa2b92,2026-10-01
skolenkaten/2022/excelrapport-pedagogisk-personal-gymnasieskola-2022.xlsx,skolenkaten,2022,https://www.skolinspektionen.se/globalassets/02-beslut-rapporter-stat/statistik/statistik-skolenkaten/2022/excelrapport-pedagogisk-personal-gymnasieskola-2022.xlsx,2001004,bb9c21096c71704d5d702c5260a37947c6fd63db33a3c57b2f082cccb2541c13,2026-10-01
skolenkaten/2022/excelrapport-vardnadshavare-forskoleklass-2022.xlsx,skolenkaten,2022,https://www.skolinspektionen.se/globalassets/02-beslut-rapporter-stat/statistik/statistik-skolenkaten/2022/excelrapport-vardnadshavare-forskoleklass-2022.xlsx,2883031,b17d13b3d45c94facd20ba51cf93a45df41951d17ae2d0ab8c0f58894cc86c8d,2026-10-01
skolenkaten/2022/excelrapport-vardnadshavare-grundsarskola-ak-1-9-2022.xlsx,skolenkaten,2022,https://www.skolinspektionen.se/globalassets/02-beslut-rapporter-stat/statistik/statistik-skolenkaten/2022/excelrapport-vardnadshavare-grundsarskola-ak-1-9-2022.xlsx,883161,a0a712864dddceea9e0810db3f82e24faf523b15cc8e5bf5db614bb8fc0040c7,2026-10-01
skolenkaten/2022/excelrapport-vardnadshavare-grundskola-ak-1-9-2022.xlsx,skolenkaten,2022,https://www.skolinspektionen.se/globalassets/02-beslut-rapporter-stat/statistik/statistik-skolenkaten/2022/excelrapport-vardnadshavare-grundskola-ak-1-9-2022.xlsx,4432982,7388661ea0098166fbb9f56df998fe6b4a0305d070e37e2c726acc37e65ccee0,2026-10-01
skolenkaten/2023/skolenkaten-elever-grundskola-ak-5-2023.xlsx,skolenkaten,2023,https://www.skolinspektionen.se/globalassets/02-beslut-rapporter-stat/statistik/statistik-skolenkaten/2023/skolenkaten-elever-grundskola-ak-5-2023.xlsx,5320214,ad5fb08e4e718b0e454bcb3ac61668ac02f8dc9ada0f1b5697b7515f33249581,2026-10-01
skolenkaten/2023/skolenkaten-elever-grundskola-ak-8-2023.xlsx,skolenkaten,2023,https://www.skolinspektionen.se/globalassets/02-beslut-rapporter-stat/statistik/statistik-skolenkaten/2023/skolenkaten-elever-grundskola-ak-8-2023.xlsx,3201670,682c058a427d20bc77e18c8c4e1df77dcf1198069aa4e369a881e4e58ae7488e,2026-10-01
skolenkaten/2023/skolenkaten-elever-gymnasieskola-ar-2-2023.xlsx,skolenkaten,2023,https://www.skolinspektionen.se/globalassets/02-beslut-rapporter-stat/statistik/statistik-skolenkaten/2023/skolenkaten-elever-gymnasieskola-ar-2-2023.xlsx,2244516,2e6140ec47b3ced23b006205bb7e56ca7f21b4be1d6a1a5d329517ab5cd5a3d9,2026-10-01
skolenkaten/2023/skolenkaten-undervisande-larare-grsk-ak-1-9-2023.xlsx,skolenkaten,2023,https://www.skolinspektionen.se/globalassets/02-beslut-rapporter-stat/statistik/statistik-skolenkaten/2023/skolenkaten-undervisande-larare-grsk-ak-1-9-2023.xlsx,5678486,e095deadabdf51b42f788f069d5490ad5a512c2825d78a936c237c33434b79de,2026-10-01
skolenkaten/2023/skolenkaten-undervisande-larare-gysk-2023.xlsx,skolenkaten,2023,https://www.skolinspektionen.se/globalassets/02-beslut-rapporter-stat/statistik/statistik-skolenkaten/2023/skolenkaten-undervisande-larare-gysk-2023.xlsx,1798690,b8307f8179b6aaeebef2bd622a6e188621200d0fb25921e37a841f24c24d378c,2026-10-01
skolenkaten/2023/skolenkaten-vardnadshavare-forskoleklass-2023.xlsx,skolenkaten,2023,https://www.skolinspektionen.se/globalassets/02-beslut-rapporter-stat/statistik/statistik-skolenkaten/2023/skolenkaten-vardnadshavare-forskoleklass-2023.xlsx,3181046,e949f67f2082c81613cf7209c0cf643ba9b2e639cfc50c6fe2b6d0271daed5bc,2026-10-01
skolenkaten/2023/skolenkaten-vardnadshavare-grundsarskola-ak-1-9-2023.xlsx,skolenkaten,2023,https://www.skolinspektionen.se/globalassets/02-beslut-rapporter-stat/statistik/statistik-skolenkaten/2023/skolenkaten-vardnadshavare-grundsarskola-ak-1-9-2023.xlsx,999754,a6364bf6cad2c1ed8916f51d0829bbb0d0ad4fc24f3bd207f67ba8b451c0d852,2026-10-01
skolenkaten/2023/skolenkaten-vardnadshavare-grundskola-ak-1-9-2023.xlsx,skolenkaten,2023,https://www.skolinspektionen.se/globalassets/02-beslut-rapporter-stat/statistik/statistik-skolenkaten/2023/skolenkaten-vardnadshavare-grundskola-ak-1-9-2023.xlsx,5161037,c25fbb8435bea5fbd28c37df48e3ca74ace507a3f1cc7a875f6c9109a8efdfe1,2026-10-01
skolenkaten/2024/skolenkaten-elever-grundskola-ak-5-2024.xlsx,skolenkaten,2024,https://www.skolinspektionen.se/globalassets/02-beslut-rapporter-stat/statistik/statistik-skolenkaten/2024/skolenkaten-elever-grundskola-ak-5-2024.xlsx,5189072,e5733fad82d7aa0a4b04f94ff86cef21aabefa9b8ede030e37b0940d681fe720,2026-10-01
skolenkaten/2024/skolenkaten-elever-grundskola-ak-8-2024.xlsx,skolenkaten,2024,https://www.skolinspektionen.se/globalassets/02-beslut-rapporter-stat/statistik/statistik-skolenkaten/2024/skolenkaten-elever-grundskola-ak-8-2024.xlsx,3196197,5712a1974eb7d5dd97aa4c3b8c4bc8ab1cca9f3327d2c09ac11a3e866b7f6f0c,2026-10-01
skolenkaten/2024/skolenkaten-elever-gymnasieskola-ar-2-2024.xlsx,skolenkaten,2024,https://www.skolinspektionen.se/globalassets/02-beslut-rapporter-stat/statistik/statistik-skolenkaten/2024/skolenkaten-elever-gymnasieskola-ar-2-2024.xlsx,2485080,a7fa93aefc79c94f5b68331dac35cd63023d5b2a3beeee87e5cc594efc722172,2026-10-01
skolenkaten/2024/skolenkaten-undervisande-larare-grundsk-ak-1-9-2024.xlsx,skolenkaten,2024,https://www.skolinspektionen.se/globalassets/02-beslut-rapporter-stat/statistik/statistik-skolenkaten/2024/skolenkaten-undervisande-larare-grundsk-ak-1-9-2024.xlsx,5444346,49c4b0228fa949b55d60754b0d2ce8f64bcfff8b25e67c71ccc3a7e6b0a5d4e9,2026-10-01
skolenkaten/2024/skolenkaten-undervisande-larare-gymnasieskola-2024.xlsx,skolenkaten,2024,https://www.skolinspektionen.se/globalassets/02-beslut-rapporter-stat/statistik/statistik-skolenkaten/2024/skolenkaten-undervisande-larare-gymnasieskola-2024.xlsx,1981236,68e5b3d9a2b3a54aefe0be988cfd92f38eac4b79edaea039f367a5a92af7f6be,2026-10-01
skolenkaten/2024/skolenkaten-vardnadshavare-anpassad-grsk-ak-1-9-2024.xlsx,skolenkaten,2024,https://www.skolinspektionen.se/globalassets/02-beslut-rapporter-stat/statistik/statistik-skolenkaten/2024/skolenkaten-vardnadshavare-anpassad-grsk-ak-1-9-2024.xlsx,1022830,49290122ef8ece7a6a1edd9e36f4b0778a93673427fe8be8e6775d09b8b4798e,2026-10-01
skolenkaten/2024/skolenkaten-vardnadshavare-forskoleklass-2024.xlsx,skolenkaten,2024,https://www.skolinspektionen.se/globalassets/02-beslut-rapporter-stat/statistik/statistik-skolenkaten/2024/skolenkaten-vardnadshavare-forskoleklass-2024.xlsx,3188967,925f96f40558de864212f6d8bcff752c57e609e37c59b95ba09964635a955232,2026-10-01
skolenkaten/2024/skolenkaten-vardnadshavare-grundskola-ak-1-9-2024.xlsx,skolenkaten,2024,https://www.skolinspektionen.se/globalassets/02-beslut-rapporter-stat/statistik/statistik-skolenkaten/2024/skolenkaten-vardnadshavare-grundskola-ak-1-9-2024.xlsx,4881698,8505ff593c9880e0604f7b89d45938a527acee7b32bd17b202f91284f8d4f1af,2026-10-01
skolenkaten/2025/skolenkaten-elever-grundskola-ak-5-2025.xlsx,skolenkaten,2025,https://www.skolinspektionen.se/globalassets/02-beslut-rapporter-stat/statistik/statistik-skolenkaten/2025/skolenkaten-elever-grundskola-ak-5-2025.xlsx,5277988,8565fefafab65933ee2633622f1c4837d6dde5d1c65d0dcaccb29f9fde5dc1f1,2026-10-01
skolenkaten/2025/skolenkaten-elever-grundskola-ak-8-2025.xlsx,skolenkaten,2025,https://www.skolinspektionen.se/globalassets/02-beslut-rapporter-stat/statistik/statistik-skolenkaten/2025/skolenkaten-elever-grundskola-ak-8-2025.xlsx,3162305,77c9c067b7d9517cb135e1c8fb80f1c89466689c17c97b72cefb8eeebb17ffad,2026-10-01
skolenkaten/2025/skolenkaten-elever-gymnasieskola-ar-2-2025.xlsx,skolenkaten,2025,https://www.skolinspektionen.se/globalassets/02-beslut-rapporter-stat/statistik/statistik-skolenkaten/2025/skolenkaten-elever-gymnasieskola-ar-2-2025.xlsx,2103579,0e72d1c6c29af3f45eedaac6a0f5f68dea6e26236b45f23b469e3642abd87508,2026-10-01
skolenkaten/2025/skolenkaten-larare-grundskola-ak-1-9-2025.xlsx,skolenkaten,2025,https://www.skolinspektionen.se/globalassets/02-beslut-rapporter-stat/statistik/statistik-skolenkaten/2025/skolenkaten-larare-grundskola-ak-1-9-2025.xlsx,5629004,e88a3b87ec61c23c78df7975a6a2873d2dcdc1eebad9aeffafa77577cb821d6b,2026-10-01
skolenkaten/2025/skolenkaten-larare-gymnasieskola-2025.xlsx,skolenkaten,2025,https://www.skolinspektionen.se/globalassets/02-beslut-rapporter-stat/statistik/statistik-skolenkaten/2025/skolenkaten-larare-gymnasieskola-2025.xlsx,1696281,212a02dcde921950232d779a5b3707df7de4f239f2ed9ab7aa53e29454cab539,2026-10-01
skolenkaten/2025/skolenkaten-vardnadshavare-anp-grundskola-ak-1-9-2025.xlsx,skolenkaten,2025,https://www.skolinspektionen.se/globalassets/02-beslut-rapporter-stat/statistik/statistik-skolenkaten/2025/skolenkaten-vardnadshavare-anp-grundskola-ak-1-9-2025.xlsx,1051024,435e06ff3815e22067c83cb11dfb43f42577ba856f16333c89a3435a9757ea49,2026-10-01
skolenkaten/2025/skolenkaten-vardnadshavare-fklass-2025.xlsx,skolenkaten,2025,https://www.skolinspektionen.se/globalassets/02-beslut-rapporter-stat/statistik/statistik-skolenkaten/2025/skolenkaten-vardnadshavare-fklass-2025.xlsx,3125988,d69fe04583c2efbf29d6f9cd9ebb8e8a222156c8706841b51dc21e95abcaccdd,2026-10-01
skolenkaten/2025/skolenkaten-vardnadshavare-grundskola-ak-1-9-2025.xlsx,skolenkaten,2025,https://www.skolinspektionen.se/globalassets/02-beslut-rapporter-stat/statistik/statistik-skolenkaten/2025/skolenkaten-vardnadshavare-grundskola-ak-1-9-2025.xlsx,5039841,82b73f47330a8bd96394e84c1357f1acbb12c0eb8024fbe602836c8db905f0b6,2026-10-01
skolenkaten/2026/skolenkaten-elever-grundskola-ak-5-2026.xlsx,skolenkaten,2026,https://www.skolinspektionen.se/globalassets/02-beslut-rapporter-stat/statistik/statistik-skolenkaten/2026/skolenkaten-elever-grundskola-ak-5-2026.xlsx,5177311,7e4a81bb47eea1c6c00139db07d5d496e2fe6f785d950e4345b955d2c10cb220,2026-10-01
skolenkaten/2026/skolenkaten-elever-grundskola-ak-8-2026.xlsx,skolenkaten,2026,https://www.skolinspektionen.se/globalassets/02-beslut-rapporter-stat/statistik/statistik-skolenkaten/2026/skolenkaten-elever-grundskola-ak-8-2026.xlsx,3216259,665723215042b7115e27992d21b5103832994159b4b4eaf60e1a066dd2e16301,2026-10-01
skolenkaten/2026/skolenkaten-elever-gymnasieskola-ar-2-2026.xlsx,skolenkaten,2026,https://www.skolinspektionen.se/globalassets/02-beslut-rapporter-stat/statistik/statistik-skolenkaten/2026/skolenkaten-elever-gymnasieskola-ar-2-2026.xlsx,2412756,0950a43ceb4e173ab9ed0125a5fdd5eef392f28727eb24923876a45072cade33,2026-10-01
skolenkaten/2026/skolenkaten-undervisande-larare-grundskola-ak-1-9-2026.xlsx,skolenkaten,2026,https://www.skolinspektionen.se/globalassets/02-beslut-rapporter-stat/statistik/statistik-skolenkaten/2026/skolenkaten-undervisande-larare-grundskola-ak-1-9-2026.xlsx,5470833,ee3a9e3857e511b12a3d926ba0656d51b47e10028ae7bacb6733981897516d3b,2026-10-01
skolenkaten/2026/skolenkaten-undervisande-larare-gymnasieskola-2026.xlsx,skolenkaten,2026,https://www.skolinspektionen.se/globalassets/02-beslut-rapporter-stat/statistik/statistik-skolenkaten/2026/skolenkaten-undervisande-larare-gymnasieskola-2026.xlsx,1940885,ab60cc180a5253d925542233fdbe06a7bfb5967475cc087170c7ba1a3657a2fe,2026-10-01
skolenkaten/2026/skolenkaten-vardnadshavare-anpassad-grundskola-ak-1-9-2026.xlsx,skolenkaten,2026,https://www.skolinspektionen.se/globalassets/02-beslut-rapporter-stat/statistik/statistik-skolenkaten/2026/skolenkaten-vardnadshavare-anpassad-grundskola-ak-1-9-2026.xlsx,1029459,fa322200858a9978f950866b2a1620816e062518c53e1b28eb5698b52b414f31,2026-10-01
skolenkaten/2026/skolenkaten-vardnadshavare-forskoleklass-2026.xlsx,skolenkaten,2026,https://www.skolinspektionen.se/globalassets/02-beslut-rapporter-stat/statistik/statistik-skolenkaten/2026/skolenkaten-vardnadshavare-forskoleklass-2026.xlsx,3094094,9acd2eaec9a2bace26111c3bd67474020d8e1d4acb578da73ee63fa2895f94d7,2026-10-01
skolenkaten/2026/skolenkaten-vardnadshavare-grundskola-ak-1-9-2026.xlsx,skolenkaten,2026,https://www.skolinspektionen.se/globalassets/02-beslut-rapporter-stat/statistik/statistik-skolenkaten/2026/skolenkaten-vardnadshavare-grundskola-ak-1-9-2026.xlsx,4797560,a77f82c8bf797c0b3678aee3b4550aa47250b860de3be41c94a411337516446f,2026-10-01
skolenkaten/ht-2015/elever-ak5-ht2015.xlsx,skolenkaten,ht-2015,https://www.skolinspektionen.se/globalassets/02-beslut-rapporter-stat/statistik/statistik-skolenkaten/ht-2015/elever-ak5-ht2015.xlsx,1445198,a08856d85e01b2b6dd79d44141c8674516a9c34b35f43f636112c9c547b177b6,2026-10-01
skolenkaten/ht-2015/elever-ak9-ht2015.xlsx,skolenkaten,ht-2015,https://www.skolinspektionen.se/globalassets/02-beslut-rapporter-stat/statistik/statistik-skolenkaten/ht-2015/elever-ak9-ht2015.xlsx,1696714,50bd31dee6aa07f5ee4aaa2b9cdd4b23cc21fe7f3b6b119d9ec9a2dcbe574475,2026-10-01
skolenkaten/ht-2015/elever-ar2-ht2015.xlsx,skolenkaten,ht-2015,https://www.skolinspektionen.se/globalassets/02-beslut-rapporter-stat/statistik/statistik-skolenkaten/ht-2015/elever-ar2-ht2015.xlsx,1280041,18b7c763713da8bc0c8af9f7ac70194fc3d9f9d3799450715460bd384a1a502e,2026-10-01
skolenkaten/ht-2015/personal-grundskola-ht2015.xlsx,skolenkaten,ht-2015,https://www.skolinspektionen.se/globalassets/02-beslut-rapporter-stat/statistik/statistik-skolenkaten/ht-2015/personal-grundskola-ht2015.xlsx,3904274,9469300437f0c196e9056263a272dd2f3270836273d250514ba6e5d0a4439879,2026-10-01
skolenkaten/ht-2015/personal-gymnasium-ht2015.xlsx,skolenkaten,ht-2015,https://www.skolinspektionen.se/globalassets/02-beslut-rapporter-stat/statistik/statistik-skolenkaten/ht-2015/personal-gymnasium-ht2015.xlsx,1244692,8386cdfc289c2b664a7450e5c069bef62411a17f08cb3f2d615f8dbf92355ddc,2026-10-01
skolenkaten/ht-2015/vadnadshavare-grundsarskola-ht2015.xlsx,skolenkaten,ht-2015,https://www.skolinspektionen.se/globalassets/02-beslut-rapporter-stat/statistik/statistik-skolenkaten/ht-2015/vadnadshavare-grundsarskola-ht2015.xlsx,420238,be4dcce3eb8da63817ae262e51b8be5cfdcd9b7948835a472406263ad18eb57d,2026-10-01
skolenkaten/ht-2015/vardnadshavare-forskoleklass-ht2015.xlsx,skolenkaten,ht-2015,https://www.skolinspektionen.se/globalassets/02-beslut-rapporter-stat/statistik/statistik-skolenkaten/ht-2015/vardnadshavare-forskoleklass-ht2015.xlsx,1762459,dafa26869a522723f8eeb8b87667535d9b84d09bff74780662cb54832b687b0a,2026-10-01
skolenkaten/ht-2015/vardnadshavare-grundskola-ht2015.xlsx,skolenkaten,ht-2015,https://www.skolinspektionen.se/globalassets/02-beslut-rapporter-stat/statistik/statistik-skolenkaten/ht-2015/vardnadshavare-grundskola-ht2015.xlsx,3869069,811201e5831869456c91f33fdeb175b4be6595f27607d42c1d7aa210588a4a3f,2026-10-01
skolenkaten/ht-2016/elever-ak-5-ht2016.xlsx,skolenkaten,ht-2016,https://www.skolinspektionen.se/globalassets/02-beslut-rapporter-stat/statistik/statistik-skolenkaten/ht-2016/elever-ak-5-ht2016.xlsx,1492803,8cae865f1450872977a1c7313d379db47b4af5a05b2808866ab61da9b4438e6c,2026-10-01
skolenkaten/ht-2016/elever-ak-9-ht2016.xlsx,skolenkaten,ht-2016,https://www.skolinspektionen.se/globalassets/02-beslut-rapporter-stat/statistik/statistik-skolenkaten/ht-2016/elever-ak-9-ht2016.xlsx,1808991,11781027f8050aba9e4409b0e3cd6773b562dfd0b2e9a84b237f292a7d0ae921,2026-10-01
skolenkaten/ht-2016/elever-ar-2-ht2016.xlsx,skolenkaten,ht-2016,https://www.skolinspektionen.se/globalassets/02-beslut-rapporter-stat/statistik/statistik-skolenkaten/ht-2016/elever-ar-2-ht2016.xlsx,1385080,6f756edfbafa98aca8cc91f9fa56a084e167cf7ee17f677f640bf3a89258d825,2026-10-01
skolenkaten/ht-2016/pedagogisk-personal-grundskola-ht2016.xlsx,skolenkaten,ht-2016,https://www.skolinspektionen.se/globalassets/02-beslut-rapporter-stat/statistik/statistik-skolenkaten/ht-2016/pedagogisk-personal-grundskola-ht2016.xlsx,3919867,bb156aa8472905058a88c9788dca53accdb16242a7577df9e06eee81c239a376,2026-10-01
skolenkaten/ht-2016/pedagogisk-personal-gymnasieskola-ht2016.xlsx,skolenkaten,ht-2016,https://www.skolinspektionen.se/globalassets/02-beslut-rapporter-stat/statistik/statistik-skolenkaten/ht-2016/pedagogisk-personal-gymnasieskola-ht2016.xlsx,1411472,59703bd858e41bf6d2b4ff41e6b9ba0e2557fc02236d46b0307cfc2ab28bfba7,2026-10-01
skolenkaten/ht-2016/vardnadshavare-forskoleklass-ht2016.xlsx,skolenkaten,ht-2016,https://www.skolinspektionen.se/globalassets/02-beslut-rapporter-stat/statistik/statistik-skolenkaten/ht-2016/vardnadshavare-forskoleklass-ht2016.xlsx,1314060,a98427119d747ec0dcf7009c2fa3d5f05a61d405997f6d318c70455671b53c13,2026-10-01
skolenkaten/ht-2016/vardnadshavare-grundsarskola-ht2016.xlsx,skolenkaten,ht-2016,https://www.skolinspektionen.se/globalassets/02-beslut-rapporter-stat/statistik/statistik-skolenkaten/ht-2016/vardnadshavare-grundsarskola-ht2016.xlsx,473513,4e1327d4e87bfdd4e2d31f547cf0d81746b016b5203f974e3452f77141a3d22c,2026-10-01
skolenkaten/ht-2016/vardnadshavare-grundskola-ht2016.xlsx,skolenkaten,ht-2016,https://www.skolinspektionen.se/globalassets/02-beslut-rapporter-stat/statistik/statistik-skolenkaten/ht-2016/vardnadshavare-grundskola-ht2016.xlsx,3774962,b387a0b0e062ac3e5faf67f836ea2a2c9f9879eba4433803b52f05d4e69101bc,2026-10-01
skolenkaten/ht-2017/excelrapport-elever-ak-5-ht-2017.xlsx,skolenkaten,ht-2017,https://www.skolinspektionen.se/globalassets/02-beslut-rapporter-stat/statistik/statistik-skolenkaten/ht-2017/excelrapport-elever-ak-5-ht-2017.xlsx,1826740,9262bbd774675852e535a284698d6309b3861d168362489d4e088b0c1bfd94b5,2026-10-01
skolenkaten/ht-2017/excelrapport-elever-ak-9-ht-2017.xlsx,skolenkaten,ht-2017,https://www.skolinspektionen.se/globalassets/02-beslut-rapporter-stat/statistik/statistik-skolenkaten/ht-2017/excelrapport-elever-ak-9-ht-2017.xlsx,2342628,1850b7f902064faddebdbd504e1266ac6200623e265a927ce665ef558f814fb1,2026-10-01
skolenkaten/ht-2017/excelrapport-elever-ar-2-ht-2017.xlsx,skolenkaten,ht-2017,https://www.skolinspektionen.se/globalassets/02-beslut-rapporter-stat/statistik/statistik-skolenkaten/ht-2017/excelrapport-elever-ar-2-ht-2017.xlsx,1889666,283d7328f1435d7eb253588a66b5e1a23c9b179f1f7cc2cf227f95a6d875307f,2026-10-01
skolenkaten/ht-2017/excelrapport-pedagogisk-personal-grundskola-ht-2017.xlsx,skolenkaten,ht-2017,https://www.skolinspektionen.se/globalassets/02-beslut-rapporter-stat/statistik/statistik-skolenkaten/ht-2017/excelrapport-pedagogisk-personal-grundskola-ht-2017.xlsx,4795248,2414143341e037a9385be9afe98d6911cdfc3b40f3633c35f18473d2ca35f69d,2026-10-01
skolenkaten/ht-2017/excelrapport-pedagogisk-personal-gymnasieskola-ht-2017.xlsx,skolenkaten,ht-2017,https://www.skolinspektionen.se/globalassets/02-beslut-rapporter-stat/statistik/statistik-skolenkaten/ht-2017/excelrapport-pedagogisk-personal-gymnasieskola-ht-2017.xlsx,1853878,ba2fd4aad1120010ff9549e96b9026787df9c9053b85886972eb00e3603b55c3,2026-10-01
skolenkaten/ht-2017/excelrapport-vardnadshavare-forskoleklass-ht-2017.xlsx,skolenkaten,ht-2017,https://www.skolinspektionen.se/globalassets/02-beslut-rapporter-stat/statistik/statistik-skolenkaten/ht-2017/excelrapport-vardnadshavare-forskoleklass-ht-2017.xlsx,1514427,431c7590e4b279e74d4c78ca255f263b5c977dd15c2838e850f30c5586e17cca,2026-10-01
skolenkaten/ht-2017/excelrapport-vardnadshavare-grundsarskola-ht-2017.xlsx,skolenkaten,ht-2017,https://www.skolinspektionen.se/globalassets/02-beslut-rapporter-stat/statistik/statistik-skolenkaten/ht-2017/excelrapport-vardnadshavare-grundsarskola-ht-2017.xlsx,570547,ca700b2910dbc3ade20a9eee0e3a1dd6646e3dc5d252d62ae525e86cd2f364d4,2026-10-01
skolenkaten/ht-2017/excelrapport-vardnadshavare-grundskola-ht-2017.xlsx,skolenkaten,ht-2017,https://www.skolinspektionen.se/globalassets/02-beslut-rapporter-stat/statistik/statistik-skolenkaten/ht-2017/excelrapport-vardnadshavare-grundskola-ht-2017.xlsx,4273005,6080ffd2be6cc9311f4b0b9d8cf4c8e19abb1c2cf4eddc442f274e5ab1601d53,2026-10-01
skolenkaten/ht-2018/elever-grundskola-ak-5-ht-2018-p.xlsx,skolenkaten,ht-2018,https://www.skolinspektionen.se/globalassets/02-beslut-rapporter-stat/statistik/statistik-skolenkaten/ht-2018/elever-grundskola-ak-5-ht-2018-p.xlsx,2244401,b0afea290cb82313fbe9deaabfc7e31c6020128f8eab5d07665331edbd21775b,2026-10-01
skolenkaten/ht-2018/elever-grundskola-ak-9-ht-2018-p.xlsx,skolenkaten,ht-2018,https://www.skolinspektionen.se/globalassets/02-beslut-rapporter-stat/statistik/statistik-skolenkaten/ht-2018/elever-grundskola-ak-9-ht-2018-p.xlsx,2459833,810bec0680a222496990fff2afde3624af1f24018a2ade1f7275a5b6fd65c462,2026-10-01
skolenkaten/ht-2018/elever-gymnasieskola-ar-2-ht-2018-p.xlsx,skolenkaten,ht-2018,https://www.skolinspektionen.se/globalassets/02-beslut-rapporter-stat/statistik/statistik-skolenkaten/ht-2018/elever-gymnasieskola-ar-2-ht-2018-p.xlsx,1535945,a029451b8205ab0e3c88d823238fed5f4f3c7369f7027759c03f87e93b06e63e,2026-10-01
skolenkaten/ht-2018/huvudman-som-genomfor-skolenkaten-ht18-vt2020.xlsx,skolenkaten,ht-2018,https://www.skolinspektionen.se/globalassets/02-beslut-rapporter-stat/statistik/statistik-skolenkaten/huvudman-som-genomfor-skolenkaten-ht18-vt2020.xlsx,37478,3eaa48a96b0e82459356bdd6d14f59c944fa28bdcb059136c5d2f21b4ed45f01,2026-10-01
skolenkaten/ht-2018/ny-vardnadshavare-forskoleklass-ht-2018.xlsx,skolenkaten,ht-2018,https://www.skolinspektionen.se/globalassets/02-beslut-rapporter-stat/statistik/statistik-skolenkaten/ht-2018/ny-vardnadshavare-forskoleklass-ht-2018.xlsx,1500623,0a0b58a13c60a8934e49c10a69d2da3f2c7ccd329b8d694eebe8e63d7d83fbb1,2026-10-01
skolenkaten/ht-2018/pedagogisk-personal-grundskola-ht-2018.xlsx,skolenkaten,ht-2018,https://www.skolinspektionen.se/globalassets/02-beslut-rapporter-stat/statistik/statistik-skolenkaten/ht-2018/pedagogisk-personal-grundskola-ht-2018.xlsx,5225254,8107ad13f2cc66353bfbaceb85939a49cc8424c6dc4d38cf310f0c1bd69d415c,2026-10-01
skolenkaten/ht-2018/pedagogisk-personal-gymnasieskola-ht-2018.xlsx,skolenkaten,ht-2018,https://www.skolinspektionen.se/globalassets/02-beslut-rapporter-stat/statistik/statistik-skolenkaten/ht-2018/pedagogisk-personal-gymnasieskola-ht-2018.xlsx,1776734,9ffcdaaac62c5626b9e510c73640409bc1dae46860278700bdc18f11bb3ca00a,2026-10-01
skolenkaten/ht-2018/vardnadshavare-grundsarskola-ak-1-9-ht-2018.xlsx,skolenkaten,ht-2018,https://www.skolinspektionen.se/globalassets/02-beslut-rapporter-stat/statistik/statistik-skolenkaten/ht-2018/vardnadshavare-grundsarskola-ak-1-9-ht-2018.xlsx,616102,0d5bb30e16b8d5ea0a8fb387bc751c9d275bfd936a2ab1d2dfc7bc7e1ec5aca3,2026-10-01
skolenkaten/ht-2018/vardnadshavare-grundskola-ak-1-9-ht-2018.xlsx,skolenkaten,ht-2018,https://www.skolinspektionen.se/globalassets/02-beslut-rapporter-stat/statistik/statistik-skolenkaten/ht-2018/vardnadshavare-grundskola-ak-1-9-ht-2018.xlsx,4256509,8efda1ca4f771c92bec28474c24195a8ba5171f60b9bbb6d99f4ec4cfddfce40,2026-10-01
skolenkaten/ht-2019/elever-grundskola-ak-5-ht-2019.xlsx,skolenkaten,ht-2019,https://www.skolinspektionen.se/globalassets/02-beslut-rapporter-stat/statistik/statistik-skolenkaten/ht-2019/elever-grundskola-ak-5-ht-2019.xlsx,2249829,bf029b867dbfecba2635a49cfb723376bde1085a859789388c78db9f75d03db5,2026-10-01
skolenkaten/ht-2019/elever-grundskola-ak-9-ht-2019.xlsx,skolenkaten,ht-2019,https://www.skolinspektionen.se/globalassets/02-beslut-rapporter-stat/statistik/statistik-skolenkaten/ht-2019/elever-grundskola-ak-9-ht-2019.xlsx,2337623,e42d894600aa26226952557e29ab380f4a1fbd0e72c9e78ce2450f2df6540629,2026-10-01
skolenkaten/ht-2019/elever-gymnasieskola-ar-2-ht-2019.xlsx,skolenkaten,ht-2019,https://www.skolinspektionen.se/globalassets/02-beslut-rapporter-stat/statistik/statistik-skolenkaten/ht-2019/elever-gymnasieskola-ar-2-ht-2019.xlsx,1970294,b9e0df0c8ad09e9b41336b5e80554cd2cbf8103aa4f1378d3463fa92015b0a50,2026-10-01
skolenkaten/ht-2019/huvudman-som-genomfor-skolenkaten-ht18-vt2020.xlsx,skolenkaten,ht-2019,https://www.skolinspektionen.se/globalassets/02-beslut-rapporter-stat/statistik/statistik-skolenkaten/huvudman-som-genomfor-skolenkaten-ht18-vt2020.xlsx,37478,3eaa48a96b0e82459356bdd6d14f59c944fa28bdcb059136c5d2f21b4ed45f01,2026-10-01
skolenkaten/ht-2019/pedagogisk-personal-grundskola--ht-2019.xlsx,skolenkaten,ht-2019,https://www.skolinspektionen.se/globalassets/02-beslut-rapporter-stat/statistik/statistik-skolenkaten/ht-2019/pedagogisk-personal-grundskola--ht-2019.xlsx,5734184,f08d588c7d7a18a7f10028805b80cad5abb0839661be0b75a4dabc016eb0e5d8,2026-10-01
skolenkaten/ht-2019/pedagogisk-personal-gymnasieskola-ht-2019.xlsx,skolenkaten,ht-2019,https://www.skolinspektionen.se/globalassets/02-beslut-rapporter-stat/statistik/statistik-skolenkaten/ht-2019/pedagogisk-personal-gymnasieskola-ht-2019.xlsx,2200518,9ce65d5b9756f0f5c029eb160676d6a357ab18a4c2cfae367acdacb638edbd20,2026-10-01
skolenkaten/ht-2019/vardnadshavare-forskoleklass-ht-2019.xlsx,skolenkaten,ht-2019,https://www.skolinspektionen.se/globalassets/02-beslut-rapporter-stat/statistik/statistik-skolenkaten/ht-2019/vardnadshavare-forskoleklass-ht-2019.xlsx,1621784,1d01ddbee4282fcedbcc771e12f10002f25b290ab2fb1889142275dbd40e750f,2026-10-01
skolenkaten/ht-2019/vardnadshavare-grundsarskola-ht-2019.xlsx,skolenkaten,ht-2019,https://www.skolinspektionen.se/globalassets/02-beslut-rapporter-stat/statistik/statistik-skolenkaten/ht-2019/vardnadshavare-grundsarskola-ht-2019.xlsx,704535,53fc65b5e22238b6397efaa7c1ec14ab957bd5ebb20c87847cc37485765293f7,2026-10-01
skolenkaten/ht-2019/vardnadshavare-grundskola-ht-2019.xlsx,skolenkaten,ht-2019,https://www.skolinspektionen.se/globalassets/02-beslut-rapporter-stat/statistik/statistik-skolenkaten/ht-2019/vardnadshavare-grundskola-ht-2019.xlsx,3868373,d4fe14ba29840006d54b833d5f8a14ebe76856168525957e681696fc65113405,2026-10-01
skolenkaten/vt-2015/elever-ak5-vt2015.xlsx,skolenkaten,vt-2015,https://www.skolinspektionen.se/globalassets/02-beslut-rapporter-stat/statistik/statistik-skolenkaten/vt-2015/elever-ak5-vt2015.xlsx,1372698,8bab3b274d453e0d208ee72f773e87cb0daf9d7b4206e4404308ea3a17b33116,2026-10-01
skolenkaten/vt-2015/elever-ak9-vt2015.xlsx,skolenkaten,vt-2015,https://www.skolinspektionen.se/globalassets/02-beslut-rapporter-stat/statistik/statistik-skolenkaten/vt-2015/elever-ak9-vt2015.xlsx,1471806,0a06c898b7bc246429acdd684168feaae0a183831f33714e34c149d08cf539e5,2026-10-01
skolenkaten/vt-2015/elever-ar2-vt2015.xlsx,skolenkaten,vt-2015,https://www.skolinspektionen.se/globalassets/02-beslut-rapporter-stat/statistik/statistik-skolenkaten/vt-2015/elever-ar2-vt2015.xlsx,1084295,998ab5a393d11eddc9e576531b50f387986bfcf68ba5c66589383e7d7fe43a6a,2026-10-01
skolenkaten/vt-2015/pedagogisk-personal-grundskola-vt2015.xlsx,skolenkaten,vt-2015,https://www.skolinspektionen.se/globalassets/02-beslut-rapporter-stat/statistik/statistik-skolenkaten/vt-2015/pedagogisk-personal-grundskola-vt2015.xlsx,3745035,6179e1dd1907b25b067473a998be063dc23b262411423f954ac0526a6a793339,2026-10-01
skolenkaten/vt-2015/pedagogisk-personal-gymnasium-vt2015.xlsx,skolenkaten,vt-2015,https://www.skolinspektionen.se/globalassets/02-beslut-rapporter-stat/statistik/statistik-skolenkaten/vt-2015/pedagogisk-personal-gymnasium-vt2015.xlsx,1185607,bc5ab6e43bb49382e927eafb0eb75a0a8f9d00700ab86cbce8f60589cc2018dd,2026-10-01
skolenkaten/vt-2015/vardnadshavare-forskoleklass-vt2015.xlsx,skolenkaten,vt-2015,https://www.skolinspektionen.se/globalassets/02-beslut-rapporter-stat/statistik/statistik-skolenkaten/vt-2015/vardnadshavare-forskoleklass-vt2015.xlsx,1883354,863a3736771804c5688738369f3f2bdca2389fe1e68b8ad787a5957df923219e,2026-10-01
skolenkaten/vt-2015/vardnadshavare-grundsarskola-vt2015.xlsx,skolenkaten,vt-2015,https://www.skolinspektionen.se/globalassets/02-beslut-rapporter-stat/statistik/statistik-skolenkaten/vt-2015/vardnadshavare-grundsarskola-vt2015.xlsx,407540,53a1f24a8f2fc5fd71ec7f4c1ace8ee402b61c6acc6635083946a8b276fbba6f,2026-10-01
skolenkaten/vt-2015/vardnadshavare-grundskola-vt2015.xlsx,skolenkaten,vt-2015,https://www.skolinspektionen.se/globalassets/02-beslut-rapporter-stat/statistik/statistik-skolenkaten/vt-2015/vardnadshavare-grundskola-vt2015.xlsx,3967936,c6dc2cb9d6e5933d486754f7085683412f9b6af5d20569c04576de29a67567f4,2026-10-01
skolenkaten/vt-2016/elever-ak5-vt2016.xlsx,skolenkaten,vt-2016,https://www.skolinspektionen.se/globalassets/02-beslut-rapporter-stat/statistik/statistik-skolenkaten/vt-2016/elever-ak5-vt2016.xlsx,1409681,84fb17a39aa19345df524e6d49dcdea9b005996413affd3c373002fdaf7e2f16,2026-10-01
skolenkaten/vt-2016/elever-ak9-vt2016.xlsx,skolenkaten,vt-2016,https://www.skolinspektionen.se/globalassets/02-beslut-rapporter-stat/statistik/statistik-skolenkaten/vt-2016/elever-ak9-vt2016.xlsx,1494819,1e7af33df9ea652d5146774fc3e00fd93516f28d3e0d6843b1dce0e9ce3401db,2026-10-01
skolenkaten/vt-2016/elever-ar2-vt2016.xlsx,skolenkaten,vt-2016,https://www.skolinspektionen.se/globalassets/02-beslut-rapporter-stat/statistik/statistik-skolenkaten/vt-2016/elever-ar2-vt2016.xlsx,1016391,9eee04f67436e10c781ca16408c9dc5cc9f341e7bd71c678c679a30bd18162ad,2026-10-01
skolenkaten/vt-2016/personal-grundskola-vt2016.xlsx,skolenkaten,vt-2016,https://www.skolinspektionen.se/globalassets/02-beslut-rapporter-stat/statistik/statistik-skolenkaten/vt-2016/personal-grundskola-vt2016.xlsx,3708661,dc2ee80d6304e6d9d2a43390375e734f0cb3020ed14305a75af33dd55ecf1f89,2026-10-01
skolenkaten/vt-2016/personal-gymnasium-vt2016.xlsx,skolenkaten,vt-2016,https://www.skolinspektionen.se/globalassets/02-beslut-rapporter-stat/statistik/statistik-skolenkaten/vt-2016/personal-gymnasium-vt2016.xlsx,1095427,2c1944e2f4c24417bba3a3d195b2f917dcf59f051280191e36e3bce017c2c82d,2026-10-01
skolenkaten/vt-2016/vadnadshavare-grundsarskola-vt2016.xlsx,skolenkaten,vt-2016,https://www.skolinspektionen.se/globalassets/02-beslut-rapporter-stat/statistik/statistik-skolenkaten/vt-2016/vadnadshavare-grundsarskola-vt2016.xlsx,318227,d7256d8dc33200fdf61dd7c1a6049eff5e8af2a2ad31403bf6cf646eb1fe3691,2026-10-01
skolenkaten/vt-2016/vardnadshavare-forskoleklass-vt2016.xlsx,skolenkaten,vt-2016,https://www.skolinspektionen.se/globalassets/02-beslut-rapporter-stat/statistik/statistik-skolenkaten/vt-2016/vardnadshavare-forskoleklass-vt2016.xlsx,1717686,53bf91dffccef536a54ea609b0b1a72de28b6da24ecb644e00935b49f86088ef,2026-10-01
skolenkaten/vt-2016/vardnadshavare-grundskola-vt2016.xlsx,skolenkaten,vt-2016,https://www.skolinspektionen.se/globalassets/02-beslut-rapporter-stat/statistik/statistik-skolenkaten/vt-2016/vardnadshavare-grundskola-vt2016.xlsx,3634953,64129924b9bacb09a72f02ae899a75e23abea9123bb31b484c2e45c09aa7eab6,2026-10-01
skolenkaten/vt-2017/elever-ak2-vt2017.xlsx,skolenkaten,vt-2017,https://www.skolinspektionen.se/globalassets/02-beslut-rapporter-stat/statistik/statistik-skolenkaten/vt-2017/elever-ak2-vt2017.xlsx.xlsx,1408720,b680df0cb577b43a843c25d98f2a1805e867a60542547b4c6d42cfa90e932095,2026-10-01
skolenkaten/vt-2017/elever-ak5-vt2017.xlsx,skolenkaten,vt-2017,https://www.skolinspektionen.se/globalassets/02-beslut-rapporter-stat/statistik/statistik-skolenkaten/vt-2017/elever-ak5-vt2017.xlsx.xlsx,1484275,35078c532f0b98d1fa70d9b668590ab02ffd39965c951c0fab53107bc6847a63,2026-10-01
skolenkaten/vt-2017/elever-ak9-vt2017.xlsx,skolenkaten,vt-2017,https://www.skolinspektionen.se/globalassets/02-beslut-rapporter-stat/statistik/statistik-skolenkaten/vt-2017/elever-ak9-vt2017.xlsx.xlsx,1729211,7c8df2abbd494609e381ef08d81040752db9134577c8d874226765373dfa40bd,2026-10-01
skolenkaten/vt-2017/personal-grundskola-vt2017.xlsx,skolenkaten,vt-2017,https://www.skolinspektionen.se/globalassets/02-beslut-rapporter-stat/statistik/statistik-skolenkaten/vt-2017/personal-grundskola-vt2017.xlsx.xlsx,4041627,11374d0db16fe9c81f3e5a408b662de49ea8cf6fce5bcd61dc45964c80ed4539,2026-10-01
skolenkaten/vt-2017/personal-gymnasium-vt2017.xlsx,skolenkaten,vt-2017,https://www.skolinspektionen.se/globalassets/02-beslut-rapporter-stat/statistik/statistik-skolenkaten/vt-2017/personal-gymnasium-vt2017.xlsx.xlsx,1457111,ccbd2d8d74751fa36dc9e5109034c26a9eabc019654b8e665492d58dc58be572,2026-10-01
skolenkaten/vt-2017/vardnadshavare-forskoleklass-vt2017.xlsx,skolenkaten,vt-2017,https://www.skolinspektionen.se/globalassets/02-beslut-rapporter-stat/statistik/statistik-skolenkaten/vt-2017/vardnadshavare-forskoleklass-vt2017.xlsx.xlsx,1352957,e35a7cd06c0b4a3ae5e1ab9e8974b2d18cf1945ce8887623f866eb8561413947,2026-10-01
skolenkaten/vt-2017/vardnadshavare-grundsarskola-vt2017.xlsx,skolenkaten,vt-2017,https://www.skolinspektionen.se/globalassets/02-beslut-rapporter-stat/statistik/statistik-skolenkaten/vt-2017/vardnadshavare-grundsarskola-vt2017.xlsx.xlsx,380195,69cbecc956c4d13a8e923f4f750becf872e97084a25e4acbb36f1d3a6dbd66d6,2026-10-01
skolenkaten/vt-2017/vardnadshavare-grundskola-vt2017.xlsx,skolenkaten,vt-2017,https://www.skolinspektionen.se/globalassets/02-beslut-rapporter-stat/statistik/statistik-skolenkaten/vt-2017/vardnadshavare-grundskola-vt2017.xlsx.xlsx,3784250,bec660415f9abc11adf5031da53ac6811c96845fdd967a1f8049ffb32f092325,2026-10-01
skolenkaten/vt-2018/skolenkaten-elever-grundskola-ak-5-vt-2018-skolinspektionen.xlsx,skolenkaten,vt-2018,https://www.skolinspektionen.se/globalassets/02-beslut-rapporter-stat/statistik/statistik-skolenkaten/vt-2018/skolenkaten-elever-grundskola-ak-5-vt-2018-skolinspektionen.xlsx,1638249,77ea74304ee42ba15ce06efcf7e0c2c8771d4e99b8ca4115f693287adb6f09d6,2026-10-01
skolenkaten/vt-2018/skolenkaten-elever-grundskola-ak-9-vt-2018-skolinspektionen.xlsx,skolenkaten,vt-2018,https://www.skolinspektionen.se/globalassets/02-beslut-rapporter-stat/statistik/statistik-skolenkaten/vt-2018/skolenkaten-elever-grundskola-ak-9-vt-2018-skolinspektionen.xlsx,2034590,6c8a84ef628a854bb5835e1c15625a7a1149a8a4c63a16d9f1c616d14f83289e,2026-10-01
skolenkaten/vt-2018/skolenkaten-elever-gymnasieskola-ar-2-vt-2018-skolinspektionen.xlsx,skolenkaten,vt-2018,https://www.skolinspektionen.se/globalassets/02-beslut-rapporter-stat/statistik/statistik-skolenkaten/vt-2018/skolenkaten-elever-gymnasieskola-ar-2-vt-2018-skolinspektionen.xlsx,1538434,1feb6da301ff2c413ad65b3beb77a22ad3cfc5456aa14b7faf71f9712813ed61,2026-10-01
skolenkaten/vt-2018/skolenkaten-pedagogisk-personal-grundskola-ak-1-9-vt-2018-skolinspektionen.xlsx,skolenkaten,vt-2018,https://www.skolinspektionen.se/globalassets/02-beslut-rapporter-stat/statistik/statistik-skolenkaten/vt-2018/skolenkaten-pedagogisk-personal-grundskola-ak-1-9-vt-2018-skolinspektionen.xlsx,4264798,bde21dbbb97e0e7fe24ba75e45a0489b27380f689dba48e4988c409a0a9d51a1,2026-10-01
skolenkaten/vt-2018/skolenkaten-pedagogisk-personal-gymnasieskola-ak-1-9-vt-2018-skolinspektionen.xlsx,skolenkaten,vt-2018,https://www.skolinspektionen.se/globalassets/02-beslut-rapporter-stat/statistik/statistik-skolenkaten/vt-2018/skolenkaten-pedagogisk-personal-gymnasieskola-ak-1-9-vt-2018-skolinspektionen.xlsx,1522196,41dcb3ab7a3840951e57a4f93eda97c978995fccd8d4277ea0faad0fd3c4056c,2026-10-01
skolenkaten/vt-2018/skolenkaten-vardnadshavare-forskoleklass-vt-2018-skolinspektionen.xlsx,skolenkaten,vt-2018,https://www.skolinspektionen.se/globalassets/02-beslut-rapporter-stat/statistik/statistik-skolenkaten/vt-2018/skolenkaten-vardnadshavare-forskoleklass-vt-2018-skolinspektionen.xlsx,1395407,22b95d5000c3cb589bb16f33bdcf5ac50a4d3aa43610247f19056d2aff2d56b0,2026-10-01
skolenkaten/vt-2018/skolenkaten-vardnadshavare-grundsarskola-ak-1-9-vt-2018-skolinspektionen.xlsx,skolenkaten,vt-2018,https://www.skolinspektionen.se/globalassets/02-beslut-rapporter-stat/statistik/statistik-skolenkaten/vt-2018/skolenkaten-vardnadshavare-grundsarskola-ak-1-9-vt-2018-skolinspektionen.xlsx,547253,b3a9daacf859bbbec35d1792b679bf8fc4c4896728c1d61f1d0e161be2e0fd9f,2026-10-01
skolenkaten/vt-2018/skolenkaten-vardnadshavare-grundskola-ak-1-9-vt-2018-skolinspektionen.xlsx,skolenkaten,vt-2018,https://www.skolinspektionen.se/globalassets/02-beslut-rapporter-stat/statistik/statistik-skolenkaten/vt-2018/skolenkaten-vardnadshavare-grundskola-ak-1-9-vt-2018-skolinspektionen.xlsx,3728441,1465b52c7d60c33a216079c08f1d3bd95f616b9c9bfb32c7586e949b44997d87,2026-10-01
skolenkaten/vt-2019/elever-grundskola-ak-5-vt-2019.xlsx,skolenkaten,vt-2019,https://www.skolinspektionen.se/globalassets/02-beslut-rapporter-stat/statistik/statistik-skolenkaten/vt-2019/elever-grundskola-ak-5-vt-2019.xlsx,2048205,874d36e729b4191699b6960b054651a709024f00fa0b5e5642ddbdfdd1aa74d7,2026-10-01
skolenkaten/vt-2019/elever-grundskola-ak-9-vt-2019.xlsx,skolenkaten,vt-2019,https://www.skolinspektionen.se/globalassets/02-beslut-rapporter-stat/statistik/statistik-skolenkaten/vt-2019/elever-grundskola-ak-9-vt-2019.xlsx,2157086,df1a3bdafbc26260630b882ca6ca56dd0c82eb65b569fb45b6fa8e2c650f9052,2026-10-01
skolenkaten/vt-2019/elever-gymnasieskola-ar-2-vt-2019.xlsx,skolenkaten,vt-2019,https://www.skolinspektionen.se/globalassets/02-beslut-rapporter-stat/statistik/statistik-skolenkaten/vt-2019/elever-gymnasieskola-ar-2-vt-2019.xlsx,1721159,873a870fcb1c95fa397e9943fda163a53ca5b00b7b292360654263602290f179,2026-10-01
skolenkaten/vt-2019/huvudman-som-genomfor-skolenkaten-ht18-vt2020.xlsx,skolenkaten,vt-2019,https://www.skolinspektionen.se/globalassets/02-beslut-rapporter-stat/statistik/statistik-skolenkaten/huvudman-som-genomfor-skolenkaten-ht18-vt2020.xlsx,37478,3eaa48a96b0e82459356bdd6d14f59c944fa28bdcb059136c5d2f21b4ed45f01,2026-10-01
skolenkaten/vt-2019/pedagogisk-personal-grundskola-vt-2019.xlsx,skolenkaten,vt-2019,https://www.skolinspektionen.se/globalassets/02-beslut-rapporter-stat/statistik/statistik-skolenkaten/vt-2019/pedagogisk-personal-grundskola-vt-2019.xlsx,5402536,8749a84e5af6cca577f9f962dcd5411df693cefab16b81272ed8b97a995a2678,2026-10-01
skolenkaten/vt-2019/pedagogisk-personal-gymnasieskola-vt-2019.xlsx,skolenkaten,vt-2019,https://www.skolinspektionen.se/globalassets/02-beslut-rapporter-stat/statistik/statistik-skolenkaten/vt-2019/pedagogisk-personal-gymnasieskola-vt-2019.xlsx,1963920,8809b99f1313e85bdc3d73444ff84d9219701150c362bf438f30ad6d1297d2d2,2026-10-01
skolenkaten/vt-2019/vardnadshavare-forskoleklass-vt-2019.xlsx,skolenkaten,vt-2019,https://www.skolinspektionen.se/globalassets/02-beslut-rapporter-stat/statistik/statistik-skolenkaten/vt-2019/vardnadshavare-forskoleklass-vt-2019.xlsx,1467205,1aa5196a793242c66954bdcf5a7b6ffec3aa1ce6ea7947823ee44d6b238981cc,2026-10-01
skolenkaten/vt-2019/vardnadshavare-grundsarskola-ak-1-9-vt-2019.xlsx,skolenkaten,vt-2019,https://www.skolinspektionen.se/globalassets/02-beslut-rapporter-stat/statistik/statistik-skolenkaten/vt-2019/vardnadshavare-grundsarskola-ak-1-9-vt-2019.xlsx,775302,4b5f4eba4eb12a24c545bcb5ef642f5eaa7cad2f2cb73639fcd0bcceb78f55f1,2026-10-01
skolenkaten/vt-2019/vardnadshavare-grundskola-ak-1-9-vt-2019.xlsx,skolenkaten,vt-2019,https://www.skolinspektionen.se/globalassets/02-beslut-rapporter-stat/statistik/statistik-skolenkaten/vt-2019/vardnadshavare-grundskola-ak-1-9-vt-2019.xlsx,3657530,3eeccb7490863fcf73bd95dfec505293869fe09ad9281508c4ad9a7570ea6738,2026-10-01
skolenkaten/vt-2020/elever-grundskola-ak-5-vt-2020.xlsx,skolenkaten,vt-2020,https://www.skolinspektionen.se/globalassets/02-beslut-rapporter-stat/statistik/statistik-skolenkaten/vt-2020/elever-grundskola-ak-5-vt-2020.xlsx,2012450,fc1a3c16ee0a2da618646dbf9cdce501687957df4cb86397062c018cbc7493e5,2026-10-01
skolenkaten/vt-2020/elever-grundskola-ak-9-vt-2020.xlsx,skolenkaten,vt-2020,https://www.skolinspektionen.se/globalassets/02-beslut-rapporter-stat/statistik/statistik-skolenkaten/vt-2020/elever-grundskola-ak-9-vt-2020.xlsx,1987420,53d54e6405bdbcac4bcdb9a214271e6b993da4566672cbe7cc80f0f74d422856,2026-10-01
skolenkaten/vt-2020/elever-gymnasiet-ar-2-vt-2020.xlsx,skolenkaten,vt-2020,https://www.skolinspektionen.se/globalassets/02-beslut-rapporter-stat/statistik/statistik-skolenkaten/vt-2020/elever-gymnasiet-ar-2-vt-2020.xlsx,1413001,e20829f5d7f9955981d9c39d736d70b8eccd10cf41616cae434a82d116a3f3ea,2026-10-01
skolenkaten/vt-2020/pedagogisk-personal-grundskola-vt-2020.xlsx,skolenkaten,vt-2020,https://www.skolinspektionen.se/globalassets/02-beslut-rapporter-stat/statistik/statistik-skolenkaten/vt-2020/pedagogisk-personal-grundskola-vt-2020.xlsx,4897990,f8ce32d81a153c8f568a2a1281ad7b719df8de6eda5aba921895c2705474dd00,2026-10-01
skolenkaten/vt-2020/pedagogisk-personal-gymnasieskola-vt-2020.xlsx,skolenkaten,vt-2020,https://www.skolinspektionen.se/globalassets/02-beslut-rapporter-stat/statistik/statistik-skolenkaten/vt-2020/pedagogisk-personal-gymnasieskola-vt-2020.xlsx,1589617,83deb32701b56fe45ed06e1dd842270c1fb537859139c828a6c219c044030a54,2026-10-01
skolenkaten/vt-2020/vardnadshavare-forskoleklass-vt-2020.xlsx,skolenkaten,vt-2020,https://www.skolinspektionen.se/globalassets/02-beslut-rapporter-stat/statistik/statistik-skolenkaten/vt-2020/vardnadshavare-forskoleklass-vt-2020.xlsx,1441306,34d553724575dd4e5b1891075b6d1bafada8ac8db6ed2ee1abad628ce8504ccf,2026-10-01
skolenkaten/vt-2020/vardnadshavare-grundsarskola-vt-2020.xlsx,skolenkaten,vt-2020,https://www.skolinspektionen.se/globalassets/02-beslut-rapporter-stat/statistik/statistik-skolenkaten/vt-2020/vardnadshavare-grundsarskola-vt-2020.xlsx,696732,f707f41643117a128b8c3700a3286dacce3abd4ba93c155040782feccb79f92b,2026-10-01
skolenkaten/vt-2020/vardnadshavare-grundskola-ak-1-9-vt-2020.xlsx,skolenkaten,vt-2020,https://www.skolinspektionen.se/globalassets/02-beslut-rapporter-stat/statistik/statistik-skolenkaten/vt-2020/vardnadshavare-grundskola-ak-1-9-vt-2020.xlsx,3322199,fcb021641749c1a1f3c2d43c9233ce610dbd1e633ee13ede337d8c20240c410c,2026-10-01
