källa,respondentgrupp,frågeområde_original,från_år,till_år,frågeområde_harmoniserat,serie,kommentar
GR-enkäten,Elever,Anpassning efter elevens behov,2022,2022,stöd,,"äldre frågor än ""Stöd""; närliggande, inte identiska"
GR-enkäten,Elever,Argumentation och kritiskt tänkande,2022,2022,kritiskt_tänkande,Kritiskt tänkande,"äldre namn på ""Kritiskt tänkande"""
GR-enkäten,Elever,Bemötande - elever,2022,2026,bemötande,,
GR-enkäten,Elever,Bemötande - lärare,2022,2026,bemötande,,
GR-enkäten,Elever,Delaktighet och inflytande,2022,2022,inflytande,Inflytande,
GR-enkäten,Elever,Elevhälsan,2022,2026,elevhälsa,,
GR-enkäten,Elever,Fritidshem,2022,2026,fritidshem,,
GR-enkäten,Elever,Förhindra kränkningar,2022,2026,kränkningar,,
GR-enkäten,Elever,Grundläggande värden,2023,2026,,,ingen rimlig motsvarighet; lämnas oharmoniserat
GR-enkäten,Elever,Grundläggande värden i skolan,2022,2022,,Grundläggande värden,ingen rimlig motsvarighet; lämnas oharmoniserat
GR-enkäten,Elever,Helhet,2022,2022,nöjdhet,Nöjdhet,"GR 2022 åk 2 heter området ""Helhet"""
GR-enkäten,Elever,Inflytande,2022,2026,inflytande,,
GR-enkäten,Elever,Information,2025,2026,information_bedömning,Information om utbildningen,
GR-enkäten,Elever,Information om utbildningen,2022,2024,information_bedömning,,
GR-enkäten,Elever,Kritiskt tänkande,2022,2026,kritiskt_tänkande,,
GR-enkäten,Elever,Nöjdhet,2022,2026,nöjdhet,,
GR-enkäten,Elever,Skola och framtid,2022,2026,skola_framtid,,
GR-enkäten,Elever,Skolmiljö,2022,2022,,,ingen rimlig motsvarighet; lämnas oharmoniserat
GR-enkäten,Elever,Stimulans,2022,2026,stimulans,,
GR-enkäten,Elever,Studiero,2022,2026,studiero,,
GR-enkäten,Elever,Stöd,2022,2026,stöd,,
GR-enkäten,Elever,Trygghet,2022,2026,trygghet,,
GR-enkäten,Elever,Utbildning,2023,2026,information_bedömning,,"GR åk 2: förklara och berätta hur det går; närliggande ""Information om utbildningen"""
GR-enkäten,Elever,Veta vad som krävs,2022,2022,information_bedömning,Utbildning,"äldre frågor än ""Information om utbildningen""; närliggande, inte identiska"
Skolenkäten,Elever,Anpassning efter elevens behov,2015,2021,stöd,,"äldre frågor än ""Stöd""; närliggande, inte identiska"
Skolenkäten,Elever,Argumentation och kritiskt tänkande,2015,2021,kritiskt_tänkande,Kritiskt tänkande,"äldre namn på ""Kritiskt tänkande"""
Skolenkäten,Elever,Argumentation och kritiskt tänkande/Delaktighet och inflytande,2018,2021,,,sammansatt av flera områden; lämnas oharmoniserat
Skolenkäten,Elever,Bemötande - elever,2022,2026,bemötande,,
Skolenkäten,Elever,Bemötande - lärare,2022,2026,bemötande,,
Skolenkäten,Elever,Delaktighet och inflytande,2015,2021,inflytande,Inflytande,
Skolenkäten,Elever,Elevhälsa,2015,2026,elevhälsa,,
Skolenkäten,Elever,Förhindra kränkningar,2015,2026,kränkningar,,
Skolenkäten,Elever,Grundläggande värden i undervisningen/lärandet,2015,2021,,,sammansatt av flera områden; lämnas oharmoniserat
Skolenkäten,Elever,Grundläggande värden på skolan,2015,2021,,,ingen rimlig motsvarighet; lämnas oharmoniserat
Skolenkäten,Elever,Grundläggande värden på skolan/Elevhälsa,2018,2021,,,sammansatt av flera områden; lämnas oharmoniserat
Skolenkäten,Elever,Inflytande,2022,2026,inflytande,,
Skolenkäten,Elever,Information om utbildningen,2022,2026,information_bedömning,,
Skolenkäten,Elever,Kritiskt tänkande,2022,2026,kritiskt_tänkande,,
Skolenkäten,Elever,Ordningsregler,2015,2021,,,ingen rimlig motsvarighet; lämnas oharmoniserat
Skolenkäten,Elever,Stimulans,2015,2026,stimulans,,
Skolenkäten,Elever,Studiero,2015,2026,studiero,,
Skolenkäten,Elever,Stöd,2022,2026,stöd,,
Skolenkäten,Elever,Tillit till elevens förmåga,2015,2021,,,ingen rimlig motsvarighet; lämnas oharmoniserat
Skolenkäten,Elever,Trygghet,2015,2026,trygghet,,
Skolenkäten,Elever,Utmaningar,2015,2021,,,ingen rimlig motsvarighet; lämnas oharmoniserat
Skolenkäten,Elever,Veta vad som krävs,2015,2021,information_bedömning,Information om utbildningen,"äldre frågor än ""Information om utbildningen""; närliggande, inte identiska"
Skolenkäten,Elever,Veta vad som krävs/Tillit till elevens förmåga,2018,2021,,,sammansatt av flera områden; lämnas oharmoniserat
Skolenkäten,Elever,Övergripande nöjdhet,2015,2018,nöjdhet,,index i äldre omgångar
Skolenkäten,Undervisande lärare,Anpassning efter elevens behov,2015,2021,stöd,,"äldre frågor än ""Stöd""; närliggande, inte identiska"
Skolenkäten,Undervisande lärare,Argumentation och kritiskt tänkande,2015,2021,kritiskt_tänkande,Kritiskt tänkande,"äldre namn på ""Kritiskt tänkande"""
Skolenkäten,Undervisande lärare,Bedömning och Betygsättning,2015,2021,information_bedömning,Bedömning och betygsättning,
Skolenkäten,Undervisande lärare,Bedömning och betygsättning,2015,2026,information_bedömning,,
Skolenkäten,Undervisande lärare,Bemötande - elever,2022,2026,bemötande,,
Skolenkäten,Undervisande lärare,Elevhälsa,2015,2026,elevhälsa,,
Skolenkäten,Undervisande lärare,Elevinflytande,2015,2026,inflytande,,
Skolenkäten,Undervisande lärare,Förhindra kränkningar,2015,2026,kränkningar,,
Skolenkäten,Undervisande lärare,Grundläggande värden i undervisningen,2015,2021,,,ingen rimlig motsvarighet; lämnas oharmoniserat
Skolenkäten,Undervisande lärare,Grundläggande värden på skolan,2015,2021,,,ingen rimlig motsvarighet; lämnas oharmoniserat
Skolenkäten,Undervisande lärare,Information om utbildningen,2022,2026,information_bedömning,,
Skolenkäten,Undervisande lärare,Information om utbildningens mål,2015,2021,information_bedömning,Information om utbildningen,
Skolenkäten,Undervisande lärare,Jämställdhet,2022,2026,jämställdhet,,
Skolenkäten,Undervisande lärare,Kritiskt tänkande,2022,2026,kritiskt_tänkande,,
Skolenkäten,Undervisande lärare,Ordningsregler,2015,2021,,,ingen rimlig motsvarighet; lämnas oharmoniserat
Skolenkäten,Undervisande lärare,Pedagogiskt ledarskap,2015,2026,pedagogiskt_ledarskap,,
Skolenkäten,Undervisande lärare,Rutiner,2015,2021,,,ingen rimlig motsvarighet; lämnas oharmoniserat
Skolenkäten,Undervisande lärare,Samverkan,2023,2026,samverkan,,
Skolenkäten,Undervisande lärare,Samverkan av undervisning,2015,2022,samverkan,Samverkan,
Skolenkäten,Undervisande lärare,Stimulans,2022,2026,stimulans,,
Skolenkäten,Undervisande lärare,Stimulans och utmaningar,2015,2021,stimulans,Stimulans,"äldre sammanslagning; närliggande ""Stimulans"""
Skolenkäten,Undervisande lärare,Studiero,2015,2026,studiero,,
Skolenkäten,Undervisande lärare,Stöd,2022,2026,stöd,,
Skolenkäten,Undervisande lärare,Särskilt stöd,2015,2026,stöd,,"särskilt stöd, lärares/skolans syn; närliggande ""Stöd"""
Skolenkäten,Undervisande lärare,Tillit till elevens förmåga,2015,2021,,,ingen rimlig motsvarighet; lämnas oharmoniserat
Skolenkäten,Undervisande lärare,Trygghet,2015,2026,trygghet,,
Skolenkäten,Undervisande lärare,Uppföljning,2022,2026,,,ingen rimlig motsvarighet; lämnas oharmoniserat
Skolenkäten,Undervisande lärare,Utveckling av utbildningen,2015,2021,,,ingen rimlig motsvarighet; lämnas oharmoniserat
Skolenkäten,Vårdnadshavare,Anpassning efter elevens behov,2015,2022,stöd,,"äldre frågor än ""Stöd""; närliggande, inte identiska"
Skolenkäten,Vårdnadshavare,Arbetsro,2015,2021,,,ingen rimlig motsvarighet; lämnas oharmoniserat
Skolenkäten,Vårdnadshavare,Avgiftsfri skola,2015,2015,,,ingen rimlig motsvarighet; lämnas oharmoniserat
Skolenkäten,Vårdnadshavare,Bemötande - elever,2022,2026,bemötande,,
Skolenkäten,Vårdnadshavare,Bemötande - lärare,2022,2026,bemötande,,
Skolenkäten,Vårdnadshavare,Elevens utveckling,2015,2021,,,ingen rimlig motsvarighet; lämnas oharmoniserat
Skolenkäten,Vårdnadshavare,Elevhälsa,2015,2026,elevhälsa,,
Skolenkäten,Vårdnadshavare,Förhindra kränkningar,2015,2021,kränkningar,,
Skolenkäten,Vårdnadshavare,Grundläggande värden på skolan,2015,2021,,,ingen rimlig motsvarighet; lämnas oharmoniserat
Skolenkäten,Vårdnadshavare,Information från skolan,2022,2026,information_bedömning,,
Skolenkäten,Vårdnadshavare,Stimulans,2015,2026,stimulans,,
Skolenkäten,Vårdnadshavare,Studiero,2015,2026,studiero,,
Skolenkäten,Vårdnadshavare,Stöd,2023,2026,stöd,,
Skolenkäten,Vårdnadshavare,Trygghet,2015,2026,trygghet,,
Skolenkäten,Vårdnadshavare,Trygghet och studiero,2022,2022,,,trygghet och studiero i ett; lämnas oharmoniserat
Skolenkäten,Vårdnadshavare,Veta vad som krävs,2015,2021,information_bedömning,Information från skolan,"äldre frågor än ""Information om utbildningen""; närliggande, inte identiska"
Skolenkäten,Vårdnadshavare,Vårdnadshavares delaktighet och inflytande,2015,2015,inflytande,,
